Vibration_Level,Temperature,Axle_Load,Brake_Pressure,Speed,Voltage,Current,Acoustic_Noise,THI_Score
3.56542909741366,116.63501258798712,11.564658649999824,4.488028157952357,49.101413740485526,727.9238537025311,95.47352086609624,99.3070357981965,40
0.18749653367826052,34.42276514468682,22.88200814435387,4.430920211717417,91.23046430132699,708.4001009983443,117.35201067304074,73.75067568207652,75
0.7192858673722977,43.54264712625248,24.967636325839575,4.679438858777504,64.89251615800137,643.9188275804349,83.25336942783274,83.65423455626961,55
1.890015677139679,44.60658405814075,18.08889438838533,5.633621104096157,43.04463773762809,738.2608112477524,135.05653762250776,98.04488234056406,80
0.5208163602644782,109.84972885388649,12.880602065808525,7.468375763768734,120.3808533215884,685.5875188096742,138.8682489113547,86.84242220511413,50
1.9910279069815153,54.559184913397345,13.821801880848056,7.6978837504639035,77.60570081872407,605.0860183861796,106.99207361876776,52.25920975577833,90
0.3041706106238007,101.17486999157704,16.71206229099169,5.919994501486835,57.750493404860165,729.2449374950411,92.74708737029616,63.0385655945299,80
3.5677971216479176,35.12674182070266,13.286522041323781,7.15463823335053,67.87168946230632,656.3256820966542,79.89432935833565,54.77768726986484,85
0.6817858841988479,74.97693818975657,12.44308542842632,6.840383452609121,80.28813017800735,675.0540694155856,132.98464037171038,71.23733623223652,90
3.766456988131341,54.25449483856185,10.493973416451228,7.966619526373101,96.9451484359161,670.1971650541406,67.84122982699358,79.12065670322801,85
0.39096201501531547,37.3896859736485,22.400870739730507,7.312080499916673,71.56722489240346,742.3155357433731,66.32567592942132,77.31965492130041,90
3.059772127000472,78.98774444233425,19.22707637711602,5.126956498516616,109.56165569392978,636.7300678818063,144.87507811433537,69.73782098740034,55
2.3769270635939423,62.69339570459174,18.501348860541945,7.915546976923835,85.19810139793708,627.6346593014102,110.71815158867753,85.96104710319469,80
3.6258562094380182,119.77082022963751,24.38655795193027,4.352176100975355,57.56720342424851,601.5815038177032,145.90515134907656,76.47475781787035,20
1.038944939031847,35.637637284967504,19.601896804358105,5.148614772993367,78.62443517663998,610.2551694967661,116.86079753344428,53.84501304755713,90
2.9504076230297556,85.77209214207852,15.304803759980327,5.338349228690969,78.90973821434295,683.8704089662127,139.21936206084752,43.02741032056341,90
3.452425143637966,46.87965825400886,20.50708255824788,7.59969043141357,46.74903588980216,718.6358368116714,118.88653522635522,88.34990459291518,65
4.005733068017776,34.499813706177285,24.24821491332459,5.046035328204327,122.28274641953101,760.3043866211806,69.29787070600804,67.25923288663265,65
3.4439404098242603,110.19631905382101,14.870607216146322,6.514339566994632,66.8122522459017,663.9787409113127,68.62477566872846,43.187419494248466,65
3.8168347875061737,43.81738745855971,17.312054252598955,5.723998524082871,103.48512278403052,747.1656929960437,149.7022252090002,74.17046955361648,65
1.0363241851510399,96.97796914861206,24.453993729386646,7.968349397810521,49.850670081904624,661.3923455064404,56.53744427240605,70.39331574662802,70
4.119173870437264,94.858432511206,22.610184888461326,4.896333005315314,82.86720292871973,640.1093222742358,104.33152156732211,99.18464541834436,20
3.2216516674274236,37.05347104406761,18.154092238143576,6.316596230196067,60.59717517020985,613.96123073915,137.6062665154363,55.76911567529961,65
3.846319234179607,41.37153159134448,13.050691409949728,6.5150066874535195,95.11125818847484,754.6295231251836,97.85482724696502,40.61573464250432,85
4.284537678770813,73.97137639658672,20.055919785190518,6.906304937430299,100.98799362190601,626.0115468355399,107.06130178806633,96.47085736306987,45
2.5349734802275385,86.58985394467152,20.152372217108578,7.219823319152628,90.06731409347577,673.2008477602269,98.00170213712026,66.95366591111006,90
2.101836956906951,45.041663478405994,20.423832693734667,6.9952088967898,104.66863339121413,656.978437132551,119.64968402352598,78.9741874975729,80
1.7139573661914156,40.19305958840842,22.436983454813358,5.68911166655859,64.07624808824919,789.4161287763745,52.033485205763306,88.26143935033792,80
4.9957491312023246,81.8279847879704,21.004858210046145,7.926028024257437,67.62624354951885,745.2964172587158,125.75911713420977,89.0852611783061,55
3.2123659441670047,52.56044727090231,13.905594513124113,6.2421679035511115,129.67496129728823,637.9475824473895,56.017592864749474,92.47967079082736,55
1.5414973854441556,92.49562164032501,17.802321236638207,4.356008778450845,45.74663731625532,626.3230862675093,118.54616259307979,42.66505951003428,55
2.6622222585923034,105.07260023775072,24.400888463152516,4.077299868863621,86.64646901232564,781.8914804964089,119.26906870504833,90.15284279188515,45
0.24886705363550063,56.99892751588703,16.31923737215655,4.98782012993386,127.89707619688275,718.3111581547149,111.19918652087884,91.7550973676098,65
4.9327805392612145,42.01644514507998,22.83560444293665,6.808705021279927,100.6778509595537,648.1591959077742,122.01263131445734,62.54587828486419,45
3.773237520310686,113.93711667918573,10.910926432318128,6.824793677332009,63.80205379589838,635.8923449734257,119.74964518151972,79.09493563087642,55
3.1187000187435077,49.752390684808375,24.372502177375985,6.417227062924516,71.49387120764348,784.2236785646713,119.40871813887884,97.86192595058958,65
4.416652993573106,34.15884441389374,14.644014953690114,7.14547391998577,88.16953715132604,715.0093166204437,129.04470852196704,76.90805991578515,75
2.5563376705919136,43.40142454423267,14.875639163519075,6.5135712378804715,82.83482009285494,606.8812230647835,58.40133784179903,90.309499472565,80
1.5770387422942627,102.86572455075166,23.633150637826013,5.10348237054221,84.23093034834586,752.7117534393094,56.23813205315877,77.57672623358295,70
3.0647225237079723,68.58971465921525,19.721641785229252,7.5354861684568375,102.44390582494398,608.0781341734256,127.89379380471524,75.75775682062867,55
3.7199601214570355,80.18991629688988,10.224151888320499,7.2888167615513115,47.582292096174136,700.353931758521,76.38684116430757,76.17635455808006,85
3.367849205584242,30.1843735170471,21.06894249476595,6.328040677222132,63.59232080039902,705.4311671242405,118.07300145460411,99.43252076476112,65
3.284505254457914,53.31769825082988,21.12857411209898,4.7944571733888885,34.12048744958554,615.1765607511851,143.13004848003845,68.390457867545,40
3.4823919245928407,89.85197815097519,22.860067751408785,4.136021941776287,30.737277527692704,619.8467368320308,57.77636822542155,81.95696754449983,40
4.480124245619866,63.286052019123495,23.698434994702687,7.952662224102381,45.07354340189484,622.0449990652228,114.25689515661335,82.42149382122219,55
3.021720599527128,62.232270390882285,13.59115265491873,4.61532876310055,110.88024484600128,798.5993326136593,141.41544125437707,94.27793044267932,40
2.416772560690748,91.73486243583511,15.145204016965206,6.435582643896675,49.3654802958288,791.7849805785713,115.4592047763244,67.25466215555414,80
1.6575954148028054,57.10811071973362,21.21294663395686,6.770274160509466,78.34474866868294,681.2666276447185,53.104468942238725,67.98585739176524,90
4.906158989742279,38.21242611106588,13.713125581713648,7.885721263913517,119.7532740500376,664.694654899708,141.9309732177574,43.613798997664546,65
0.3981229248089695,85.37708076174476,24.22957599570757,7.220540912010049,73.26081460917572,729.0649914771054,139.32883136319873,78.77363602390554,80
0.9512124672677632,101.31224812520752,11.850522740093256,4.933544734390724,64.17024578259509,668.80446185551,69.32603206485285,91.8926168186819,55
2.7667439760975308,106.80873785226922,22.35506911815368,4.63616477338801,69.9183500436188,617.8747775311408,97.22880607798581,64.75965128079103,45
1.0248572602571309,81.60919396133876,23.545594777509955,6.472568741708689,112.30969553304632,645.9727904200756,54.984644536886464,86.05696706469033,60
0.6354936101214692,108.49591762207001,12.995135165145811,4.241722626462664,37.22016757149917,619.2593080121852,142.14122999846785,47.2840782952355,45
4.411812143573754,102.12555716705674,21.042615443116624,5.086149197657429,55.29858182742011,713.6421275340845,137.73191657355636,57.10317828902032,45
3.8548347497394424,68.88677642878662,23.365148233510304,7.025945303427516,61.32851500723736,693.3317006042521,136.6151002720199,86.36946430804697,55
0.1505753983814306,116.79189818087467,13.503735398186581,5.3864150946582505,61.98390669626316,793.1109172522335,108.96876257267476,84.86744346262662,70
2.365396257197541,103.20825594175571,21.208984669735628,7.915107289277005,82.46625300211666,751.9571879245387,78.86936132628591,60.369617697675494,70
2.092945007915891,101.20563856513616,20.46650254418916,4.527325339002483,117.34812583350619,604.4240417795264,101.97305233998983,95.59873650029331,25
0.3583927423083927,74.00592548889425,11.962398531837984,7.406776121983626,36.28397094359316,729.1674364273796,79.2798372877912,48.751449797678646,100
2.9548014136491685,46.57255487880941,19.49050978905383,4.46607297943331,39.753494997816105,735.3031749895179,87.64963210116832,50.00172287617612,85
3.0780881519675587,46.84111609801151,23.5724595641506,6.30294904716159,91.70702302045717,706.3483253595,105.23387283562491,65.3849145674986,75
4.9324639193031725,92.71364384692563,21.570558589630924,6.79885978703139,38.44630393223116,699.6974548165945,75.92877850418455,76.84022166647658,55
4.167559692647057,54.083977608706256,12.943080734122304,4.026673987092635,58.13509337290509,660.8735532998113,65.79631413225326,71.74887056159317,70
3.8869212384675316,72.67699113516878,13.911730629992032,6.761811677906356,102.24845392948144,777.304654524652,106.59867532696467,68.05384185487243,75
0.5414253813428214,50.10820159069179,15.380624287101734,7.412929314732389,110.82649920337852,695.6001277079968,69.87241201702139,53.345962767230745,90
2.9919343233522273,37.08526211513514,18.443699164687388,6.317827935199903,96.8638124686277,621.6198921227179,121.23709862737286,98.63589453182342,70
2.466300068656682,80.17839482643578,23.686719028075064,4.637972267834897,99.78540007581582,607.9688045504,127.54886489181919,82.44954314687732,45
2.661819977890653,32.773127305623625,14.493120899020926,5.661768473055979,111.24574963634413,698.3953720615838,86.32358427920177,68.35297388042193,90
4.8241284314094734,74.8865020740453,18.9520355743212,4.350049375712462,35.057049302220484,771.119851772088,123.21064154182271,83.72272110535191,50
4.580943725092789,87.7114231561253,23.526758366636365,4.44575843843811,87.40857459823008,746.526788098144,123.34991670053134,80.38159398770838,40
1.296670086249149,43.933851867832665,22.895869274048753,4.286104045343837,109.19213769851429,651.2776688705161,79.93702925881615,48.02479309536745,65
2.8293245427718374,64.10593664091462,22.65271154856554,6.065354837546435,56.11624486560555,616.4746576181665,122.87730773378468,59.95354906331812,70
4.960676248452936,66.43536026111303,22.41352850832837,5.110179815853943,128.4245424021986,770.5636327272421,120.54555954816524,68.07658737407944,55
3.13160885599092,105.25003671445245,19.36260595506384,4.962657148631897,58.29969553270929,612.4338783504339,134.10724522069674,77.52730228093247,30
4.68975055927803,118.06127144495338,16.733616489959186,5.444706922264897,37.42464586842701,617.671801032253,92.5814158171151,89.54326930034465,45
4.674974466134714,102.26446101627921,13.47000591496476,6.56121028020104,78.56107177464501,724.3090544947227,119.49624010627163,96.94597747841033,55
2.5401228263484485,116.74428388003447,14.670993783256659,5.10356962234652,105.77609568636402,626.5267058498008,143.72616751316855,79.28273886021859,50
1.5920488093205207,116.19738080883258,18.562479402621367,5.412414730002439,100.9038282051295,777.6819495136999,119.98928181137147,94.56788495893969,60
3.7794977679762356,92.60131485580426,22.51271420105995,5.650294345296304,90.45534629677726,762.7893676396312,92.92792089650342,77.25921163234881,55
3.08607585051404,101.47620360227496,19.961825406577596,4.889786653747327,111.11329427267134,764.3341076876562,61.68009026144268,58.669152916955795,40
4.370341356331276,44.65132363558545,17.97668694932689,6.828657423661921,80.29459914271577,785.2182939624188,80.32247652552817,98.45617182059806,75
1.7061529737427976,43.243471285454405,19.62841011641467,4.0310319655467755,92.79636955396462,613.5909389699528,98.02441440411147,60.68525049780841,75
0.8353561852805023,61.96785096234878,24.466666919896294,5.562399840561719,121.24220659746933,670.1033471552097,148.98719072606062,69.16016147482497,70
2.865267470049497,81.70327800372931,24.65738352445723,5.9474596787518115,43.55968789046173,711.5445372403879,138.1033961919576,81.29796694024145,70
1.7061859486114141,93.77972341576645,18.07214364514269,4.784262080447538,48.05288761342081,787.7519107996341,130.43545380597837,99.90086671658322,45
3.857321514407944,104.85075976008106,16.75158762256597,7.681366636953493,33.05043945137919,662.8785536617052,107.78631345140936,79.61066033173921,65
4.327158835941706,98.92700366768567,12.923798549024571,6.379630651971876,98.33533098162017,710.7678964337042,138.83652743983168,89.78447771666526,45
1.2335656203939152,72.53483675335227,11.460472140177899,7.632293746371479,34.85987486361517,684.4850330663304,127.33529409571727,55.328623062714634,90
3.6501269312857585,106.4406064495288,14.789595725626182,4.5242246791819145,103.83236440534176,780.1258484247767,121.53061897779823,51.60929237183312,30
4.6283505645398195,90.3554050048285,24.020881627525178,7.13996863285751,44.6491211233587,768.8412113659873,137.30175464052837,46.09763872874919,45
1.2231497614943223,62.631878196415734,23.257900277474736,5.303420449203861,109.69679243851195,658.5947551407547,71.58548695466094,68.80158099178655,80
1.859817517438728,91.92695106898479,20.092326687378275,5.583990643738698,76.80126626008924,728.1880489088796,107.25216836293656,41.05069567612039,70
0.9887356170084027,59.036519937026796,10.130092321078935,6.9931642330781845,30.59328807313923,798.2439689727184,106.70687739376682,98.7881824485199,90
2.21734504721075,79.45765749914283,12.978765432288668,4.255408571367969,73.85063635240303,613.7665018675046,141.62502110853285,67.56494690589061,65
3.1439178107169528,90.9272695309291,14.480429865750615,5.944373254794786,70.8061331035637,755.9662914142516,106.68610741127779,42.358032316592116,65
2.5609184585605167,39.23431725977579,19.053009261782478,7.805418487225326,100.53985221513824,648.7144867540849,78.0487974208931,71.44341976612151,80
2.762026206039147,54.84820712010236,16.889656506529114,7.054277958867354,42.58810316296935,769.0432206001931,74.82902531498938,59.61281354502338,100
0.9767867761357975,113.66629352479724,12.3715980024444,7.188380098463435,49.588656847940925,655.626493547257,122.63930154256973,69.90237792259525,70
1.4362683386416568,101.71074580595204,11.072931412912338,4.703195729953638,60.32272424573118,654.317739723482,137.83853321205302,49.36744285204675,55
3.3107919008967213,32.6101910588769,19.213939990977703,4.147101797426927,117.69978728700274,655.4662108020995,79.33443843636657,79.94402680753663,60
4.042032958642346,86.59661747517131,10.70457546078954,5.383803980352257,106.93233995820172,736.3273227021182,59.003136384476186,90.63440202652993,65
1.0782789494758622,105.81605449310635,18.234426839370485,5.209729674368808,119.80064692372228,732.5741844983397,149.8459388148534,84.90063557203001,50
3.1397225466410736,107.09166787520776,23.37790450834858,7.3064456522424255,37.355765099749966,643.6840792125352,53.86584982414118,83.33004811654301,35
3.1512479979625754,76.7274608041759,10.569452376841179,6.986617151840787,111.8414369605211,733.5157749744752,55.763419032578774,82.9832583238551,65
4.91466664529246,112.10687046594374,23.5148877356633,7.2957277475593205,58.61236036064394,693.2018157257954,135.3590905187107,69.07472665289669,45
2.977803295474257,35.48946882911447,16.346498745919778,7.477458605386805,58.0911844952131,606.0673167670586,117.99701180748482,59.50820235252129,90
2.950934592885453,48.63440692419937,16.93929459472705,5.152794678983133,119.86908331327678,614.321252511912,102.26701954532098,73.52245015387561,80
3.668453383619508,101.74531569933774,18.663997583693323,7.391274358978383,35.68712638737351,639.6669973944745,107.5948705550772,89.46563398763607,45
4.711944789997751,90.03493814273895,17.1851164146469,7.5934753715982986,48.812837669420205,600.5008471863958,58.36201081462829,93.07275889116897,45
4.575804787050386,39.762497420223916,13.56375346095434,7.39735989616782,45.909480724703506,687.9460304708152,86.46442606291782,47.28433624496217,85
1.286019403889912,78.04979587404421,17.460597726608327,7.3304335916807775,109.5255118494675,616.2923977635279,60.018569813541646,60.952528472542014,80
2.137788186287098,41.526386289188075,10.089099670919241,5.332659325964839,67.01001785420699,751.3338327275162,88.24570818719627,48.30196076857359,100
2.835857073326481,30.02720624246906,21.99878913922104,5.715864499140421,118.07823007940746,797.7890687828917,62.65795073179562,98.31665209912353,70
3.350880303261105,64.61161425467691,23.565262971905337,6.480740080896238,56.19244536501225,785.2234625850797,86.84908262176022,67.27411322556377,75
0.9416437560939359,89.26827194095641,16.401935816899353,5.18151547417888,73.7535064943062,703.2228608538538,105.29047278366369,81.07049309031785,90
1.0104605699219371,37.64976873770121,11.030210700611187,7.105686729726055,85.37499404544079,645.6105707977641,120.46279173789726,45.708174218221195,80
0.3935567951611676,114.50094033260325,12.238720935389246,4.5148782449645,68.36430885285645,780.6799982471478,92.23109994971733,95.32787661236452,55
2.4954607527692465,82.12958058124485,15.154951186270603,5.606699811044513,43.85531865251575,707.2068953283855,102.45391298354875,66.74933577517687,100
1.6251056474409158,51.03257046928732,22.998547592457832,6.960211384749801,72.98524106256849,741.7722883105855,125.8581135194686,70.93190420739441,80
4.561230252219832,73.78125243398037,16.37468676262315,7.5575750058376885,60.18270110042337,761.7084233617497,145.8642832535745,78.21452975385475,75
4.677657693521965,40.137622040392685,16.08857738279059,6.679253199652148,78.03852015471634,779.6729569269343,119.23069053959013,70.57557023603289,85
2.7935525701815163,93.14982428701825,19.013418973836522,5.093741597768159,38.83856254054879,646.9113819407225,139.17778678619192,92.7300868697254,50
2.875429294852527,89.90946987687313,18.548179076615533,5.323399481787507,85.76312310077267,769.893312221151,143.14993725815563,46.77578225663433,90
1.9291938871212728,97.21686673655745,24.489166643220006,7.472288677869119,50.73249490162459,651.5987314841678,130.7745052439063,89.78768304556885,50
3.7052737674708576,45.950149133105256,20.171060757105593,6.2065294711021135,109.1470426844724,775.3583714756909,105.98212663043608,80.7071299988327,55
3.1664253319368747,32.059509720354555,18.65934180244623,6.429913621340489,101.35940121430299,674.0735984265652,75.77197803824045,51.10201870213412,75
2.8538925708705314,39.192439183522914,22.029517841170424,7.5279708820985896,68.44194084784857,678.1183575659595,101.43425555704601,54.86240028036133,90
1.5037822039032378,119.42022397676625,14.939711173853256,6.118533365711265,44.74780619956803,793.4433867789883,72.5075423605474,72.66049375654944,80
1.2677023655160056,65.81687183214405,21.034620518301956,5.714765095546136,40.81751839897325,662.7260105025356,91.31427502461332,76.36233499708175,90
2.5417938612823567,97.45627843415593,20.13153328658619,5.957746528396854,62.188725389211704,688.6124336103346,94.41804459138805,88.82241275515645,60
0.4963553148428981,110.6791862772174,16.550899983165074,5.469141548773923,86.01821758730216,710.3982118745746,81.29968039405605,76.79018422435323,80
1.6214191653153125,73.4548438314653,13.668683205714544,6.132611252698269,67.12990518715857,755.0707957384038,135.65389616730144,89.60668202390883,80
2.9937377412780557,69.06112030728315,11.28048347009871,4.999247439052382,92.81628465113342,721.1743377800199,96.50565528164526,96.98274428408297,75
2.015416070430616,79.62418619016458,17.760490778818077,4.697433024672942,47.21589542641837,699.0436410852868,78.54137548565294,76.19913703570157,85
2.647613564343707,49.379643206492965,10.643778027782457,6.011027551502776,34.33966612619822,733.3323670975809,57.08453264308368,61.62734788234988,100
4.246551886709224,70.52380406183576,20.409244537039584,4.681925778776446,92.42318472484726,725.0635712549558,102.15728145458347,42.80022049618212,60
4.426061110209548,86.0943950879149,11.977709318926212,6.666781470521276,101.33803098978849,603.5502180586394,78.74941759573954,98.46142761350443,55
2.4079560070095587,69.37135144060898,15.258368968272508,7.870107004061858,61.867036092719445,638.2624944912316,83.63563661320354,88.28023264832062,80
1.8211453406703082,72.13154306073483,18.297844663393242,6.834573200194546,62.44789839227265,738.066421405858,85.68093350540883,49.8066394883649,100
2.172744450267645,56.061154569028965,17.954488811222863,7.965846429114117,68.64321882242976,615.2323312387915,72.05697983450209,46.89744720976384,90
3.225518848515862,45.86558092699979,18.845073653714785,6.7660427534585335,49.05571934671833,633.6490147970424,67.53596416802927,75.45815770924364,75
0.8204159541405815,113.0992253788258,21.979904119373927,4.011918137362792,63.471511873070305,606.9925470361383,105.87132544330969,43.04805309787405,45
0.8118797828824293,56.42228103694514,15.807663213166515,5.766593242183454,35.154076863141164,753.3082106167906,140.17447271958628,50.40455490339284,90
3.379535846725671,115.4079675576705,20.60717660346605,5.225073595277717,121.22696823036188,689.9935745129421,129.07670066969476,42.90615734075422,35
2.574824977700862,85.96843180225397,13.094226145005123,5.649400463050852,51.362804365545045,779.033526896534,84.3826028736176,68.69116639221251,100
0.9146972505993399,108.00753689912901,23.07528595316687,7.800068513358443,124.99129539358242,748.3073073051507,54.20827999936165,56.97725531796692,60
2.487717838926689,116.23981493179983,24.628119350278364,7.867281638089851,101.66516554493268,773.4284274208511,110.32315163393531,45.21764233919842,60
2.1416325409933803,79.10366053268937,24.100441099991368,5.128254413010589,74.12099603766107,604.4741747511348,63.9369935844027,50.7954276209523,80
4.081893996253689,108.79141549609122,20.235666543574894,5.248240190890305,96.67246657507485,763.337514924973,104.25849513568485,61.12794847762481,55
3.542122096769554,40.14781741417474,18.839968832142056,6.583380736849106,121.37391121081974,659.671610550819,139.72596025399235,99.40282961886993,55
2.4582687244580863,94.28409558340066,14.90918470591141,5.096533084378335,30.688675560030205,699.5369745401454,142.61757340191278,58.737174701988664,70
2.1023939850849778,94.15334785158781,12.81359203300465,4.5968347141818935,116.1566570534021,762.0276614215151,68.86418811990649,80.95256216186914,45
4.330457370534223,72.96893462881323,22.76770760876518,4.502299469115283,74.9432034184224,685.4789550563833,139.07929634415802,50.931326177108176,50
3.2695184101737915,67.6872442083581,14.243668914117173,5.9328129027228655,91.049750424398,775.5249082270084,136.99524401740956,95.18970106939346,65
2.9072973309510113,62.6397929841771,24.042665587080588,4.795142874113818,103.33262011515926,769.0699071789217,143.40035930248297,53.8666216088197,55
4.127274679959639,75.8969548634627,15.696017930305858,4.947720073006501,40.333973708416586,702.8357005685152,114.07470529244725,85.33280331754185,60
1.131633776848943,84.26532993597613,21.60677981022484,4.610940803998147,126.24395717705451,645.8322590655154,60.34011434554854,52.085456924713014,55
1.7286614335329238,61.84652084767508,21.282272983973172,6.33341470995669,58.36464822845956,660.9903070091626,57.7208411766098,75.00523528368979,90
2.4866070163083833,35.082130152156445,13.104123820065073,7.652700400987312,58.63340740566378,664.4085447215929,149.1850600242758,54.708786612483614,90
1.0765669204773864,102.76533583233119,24.3455754948242,6.092990949561228,125.07184931264663,658.5740984168015,93.82677893434513,72.68961887627917,60
4.887401051874405,70.58450571382329,23.12318009455319,6.568262074444158,38.627749746710535,656.670866763691,125.69730248469743,61.35326907271066,65
2.7018865520240736,115.69405195381223,15.364880851037443,7.415810932573345,114.21753283906128,653.5841358258571,85.83521966217987,97.9868368355871,60
4.4926041192916095,40.50892998915778,20.779468160852815,5.155055799692953,71.8374894808783,715.3908734943401,118.38225842171349,56.03990479782857,75
0.8453899241322448,64.9282434422442,14.191918792896045,4.201904495382878,71.1487739565842,779.2492417565498,121.14902735173439,53.421322083708816,75
2.089635406366491,101.89534641118192,23.310471386795857,4.6514146181924065,95.06011268068006,662.2985045297374,143.6442855583881,59.45857082765629,45
3.418668567618879,66.39305118305379,18.697896537796368,4.400862913728316,49.16514223839457,765.2550135573031,94.91663536366886,46.673032511767786,70
1.636118224295413,93.60077508166168,12.048833571771556,7.343941893304294,120.64187285783551,620.2772829353177,54.437041300417086,50.71927560703426,60
4.395728161867266,61.90252623754638,15.391453921637854,4.094462719144695,113.57311759968967,737.6443566983419,79.47278378280342,45.47344300356103,60
4.485930018335606,57.3471472558669,10.324878393787818,4.017270163123069,110.85075271722233,692.950951855305,109.59064144049704,90.44854171237344,50
1.280033116549571,89.7147549781645,22.58214729431373,5.380740828993292,53.4734844264769,682.6551499912097,51.86379224101728,79.59407477986512,90
1.5329586467414347,73.9855182240276,21.245184376988732,7.320299798246048,93.11084074256891,788.0427326427396,117.65996489273004,51.27388066233922,90
3.6448603153619077,118.28891504676338,18.380217705650956,7.993944217413302,111.8116905843715,656.8355734821229,112.04179451003475,98.39871766480543,45
3.423613698626975,99.0838746133052,10.056976730744182,7.357696589552153,93.2055400471063,728.1279955735961,126.93781551353946,78.2409761350369,55
1.8534666904023425,38.118229886370884,10.155367844471135,4.943974975102682,47.35110764454375,616.731972841653,146.71421556360607,63.282692060395746,65
2.437939934412448,112.38827950848462,17.20919972917098,7.439121151255312,107.96107834090506,799.6980258748449,91.0101037693156,74.41750079434871,70
0.37914764161700887,85.48720991165816,23.743854566825433,5.218434605457032,86.42984783711228,633.8143904456016,143.55810094166912,81.27716871378946,60
4.282375791595751,63.846543082232344,13.351300407312287,6.197771447915519,54.26945974869453,707.6967348794071,148.10262043733042,42.88247971947429,75
4.901032447058642,38.469118497213906,21.188189084570418,4.595449601414231,55.194693326564746,617.8748917033877,91.14368391656728,45.3276919331005,50
2.9346726490435557,105.19141344354937,11.762693473053144,4.962159581378197,80.18607172070324,775.7061293961357,148.04183363842944,66.71727301620135,55
2.7962557986753747,54.488706464938545,23.307978012637207,7.861730624228519,84.41628925829434,716.2741892087604,107.56811576373619,56.84240466950625,90
3.9404781383142775,107.37920368823836,13.139388796017279,4.996034045053414,109.76434464379447,603.8377864842303,100.41183626853905,48.67865355902062,30
4.954875731992219,42.52519360803676,12.2247583851641,4.354283064710383,114.24924532666287,748.3811234225057,147.48600473812456,43.80229640874711,50
1.2153401978758933,80.95705150323548,15.38043376941727,5.673909642541451,88.81620373520317,780.4610284805341,81.54250357013144,59.51558924300167,100
4.80248935588651,86.69913121803852,23.372139365055922,5.745968134922139,72.225903884259,717.6647691289181,74.28223533530209,79.52218353379791,75
2.6159862383066206,38.06404401081625,11.519414706383886,7.714609976187169,63.93244611215939,618.8785195107585,116.0746191700223,70.50624425090216,90
3.683091554352601,98.2135400377308,10.426995836863272,7.76258239916927,63.03221676815134,720.2464331717729,81.90220787136754,96.70464006617615,55
3.825985355463328,93.4575303118059,24.872246275596588,7.471557643081271,128.57541274660832,601.2423045970337,147.62661132657257,49.05084888170772,25
0.6773761126700627,119.18235078369365,12.333143881447915,5.617811640177169,98.71603717052518,786.3356276946978,111.3580783243456,61.40407194917316,80
0.8089262808167996,37.911462270026455,10.011974585446044,4.490807523299479,126.22167851746342,616.3285556000351,54.206160863466444,67.65416000232032,65
2.6311103927897594,61.402810036860316,21.562249764390735,4.4186087323412995,97.6471546330972,787.372054012532,141.8245307182947,97.02483590622553,55
1.7871918513446454,38.99862311600488,13.141874981327053,7.531136936246137,43.91732051361626,769.4686949927939,138.9596914732142,47.47067888964782,90
2.865644845116294,85.44413196568733,22.282317805483927,5.243332472249084,43.543190443172136,762.0923934026669,70.91568550750816,51.522020465586245,90
2.692391012297677,41.7875174406469,22.65457215375404,5.88925770444777,62.889069022709215,730.8573332334983,65.78244701714353,68.28140785654686,90
2.674899044550315,65.37748208630592,11.43423097673506,6.937084162099108,87.44709822328085,658.2170729353961,98.12938896884995,56.28828886099353,100
2.480254484135555,63.27823292356991,10.2620516213339,5.897374565346451,77.22586968289386,733.467006322785,139.6633382068684,91.31487307546092,80
3.066575339466411,53.20265934884955,15.639790836914994,5.466170896054644,101.5668321328086,695.018335179415,120.7618345559186,44.60605941152129,65
2.7107669339681264,114.34298760941722,13.510535394541925,6.097430018510956,105.26446788424825,608.6252675472721,103.65650473493524,61.911858262082454,60
3.483939600324622,72.56345715246317,22.6544009130831,7.770114499681804,119.89009296837986,788.7453657437932,121.37269326567059,64.20269966098249,55
2.6482864854506554,70.85970793847412,17.220507839698342,6.191179732544261,81.35343284948986,715.0461906196117,63.67644158747654,43.57020287534116,100
4.081787438700428,101.31791244226783,22.50344063501239,5.093293133165219,57.19094813431103,716.2679519134041,79.27818735257836,65.96239161974617,55
1.6922782265738125,87.18850577662923,14.029290145992073,4.326557229384204,97.24205057865271,738.5286817703288,54.47298327956972,64.70246886373306,85
2.3628375505747434,101.96172056112678,24.71182402337309,4.158216875163042,95.94503807277098,642.1364951908657,108.04848894582538,42.49119161454816,45
4.386676175152065,105.04232315359069,21.38725665203906,6.582534984608547,84.28940618306933,792.8233047493175,112.53588419057057,52.41412000536725,55
0.7134850135126308,50.85052474956776,18.232503574731588,7.851627326715441,92.7809359006011,663.692085179075,94.63683185797147,53.54438504317274,100
3.0135859400895524,92.34975104658966,19.745412129862846,5.775160805781876,90.99229133055891,651.0518591412724,129.83126006642462,86.15099101956199,45
3.3652603103151457,54.835627065103395,18.430182165033088,5.8569452464064735,84.75550144290898,774.4564445624546,75.87490459624502,54.40701128344863,85
4.080318461323126,96.43591326231535,24.657235102797046,7.099855815082311,63.41727310933689,744.2837565796608,103.47680053383948,77.37212119227969,55
0.37890682906974815,72.22362241941593,21.99661919323477,7.494365177526343,72.07974726017073,725.2554911833098,113.97863933003667,91.347632416327,80
3.565280192793311,39.43506291715951,22.996375561096638,6.664596294325492,69.54921671601409,784.713356966165,92.96189581705528,98.86913248299959,65
3.8212746350735247,64.48834667405218,17.226127501548184,6.078332328536588,49.39634902732409,600.131011236777,139.31063877291132,51.9861219693101,65
3.994005110550521,36.857786434334464,15.23543443472001,7.884986435852057,33.91337553276323,766.6923787997043,130.27421467578273,79.31392924297907,75
4.026476304753846,43.3500656387664,19.969681173326855,6.501052590603113,34.5904973516096,739.3722825977454,113.30049396430081,68.79508091660107,85
0.442316847125102,73.00774976430928,13.409946397681898,6.112738713412475,51.62447189191465,785.1713392014298,104.24059810151496,86.32976838632092,90
4.86242775571197,32.68530996325105,16.987684018076294,6.5684560438760595,48.26632327724904,705.2191208678346,93.07228362637665,44.56903059055896,85
2.6207659824731238,99.85096332588228,21.17689043296047,5.995506302572325,44.20867662317913,762.39588799661,130.07786727504504,73.67950653556872,60
0.2248150542749381,92.45293747661307,12.12001135805588,7.228792439432933,45.25606849812292,700.1497753245386,69.85597821696959,56.70746116642265,80
1.269483085387151,111.53930783300142,16.318200277775574,6.4678708709366655,129.31697181532064,671.7735512093766,56.621364810131816,59.43688253196564,70
4.915621260871703,108.64457252042334,17.88625191178323,7.1584928152955944,76.18628516191745,624.7367402898766,93.62535347819838,42.46780164193673,55
3.7365927260840093,106.96890923286875,23.160631881973238,7.803115441522278,107.40983558293475,785.6734496263784,80.21032913028954,67.33338997670036,45
1.720249001823919,54.12271121008375,13.902527046555488,6.622756791138951,109.77237548519102,783.3103200757473,98.15881973261595,70.07025147044381,90
3.133587869533098,104.0314531007928,15.216052480483537,7.6370254005131315,35.379302223338975,770.752519517694,63.95151443218492,84.35049996033297,55
3.3061577404575804,43.21371817024694,18.472664707582588,4.886322711863551,112.57714057893395,770.2327394621223,102.52288518108796,41.473903443614375,60
0.4801141951262856,109.39420398581093,12.486798945843141,4.029758068064881,45.46482743325673,672.580301957548,115.5561356266888,68.67935978928642,65
2.9314922092900675,58.279261387067976,23.14780417587579,6.046042695561286,31.279969570329666,735.0841857437536,99.90818180874811,69.08675636003376,90
0.8768282971111186,63.13905771529512,22.10375170382751,7.584483471429759,35.951864397279685,753.4922311258279,79.16287503700154,80.88937420626806,80
3.799188098366138,84.3174934932704,21.165789404018078,4.796889555713368,94.60632656629961,628.5058583072622,56.30160198967947,94.06193641024312,40
1.3618484430320423,93.90103696814899,11.994738987214877,4.896452272726929,50.295248468298745,723.8339614766306,74.08989168987443,73.77363449772585,65
1.1821117489076443,103.10134740698416,16.218653520469488,6.738576498260123,41.13032860237881,726.819199054623,57.04264865428258,90.76057471821737,70
4.250722506377535,115.70598792277791,17.933752506335697,4.902536805659611,129.53827485382624,687.9263347062838,123.13966851902768,75.64527306435141,30
1.5183780098561404,71.29928248238082,13.898554011930084,4.6195013497387,30.294376935874872,796.9333743550061,116.10416110743357,83.4754386395264,75
3.8436458621081475,47.30181660836007,22.53383586717205,4.167350110176043,105.86558267950365,642.5585970979869,57.31474915765394,60.72550913267702,40
1.9293068972066725,99.23256001615276,24.63993562266214,5.531331209236571,52.921573143619646,609.2784880739495,99.55898162142581,86.3784678864032,50
0.3518328059924698,70.25311864392006,13.816963464131085,6.204655576326704,77.15746989467178,646.3196813602415,110.33865221488958,72.01749635737787,90
2.2970295690111473,93.79072360091843,18.759950676231476,4.4898542457843185,120.22308101533389,770.0776343250681,126.1611970514408,82.823938867469,35
1.7256278797890203,61.357752051552254,13.289050968910267,4.927349911536151,83.57108866127791,795.4265942995575,58.24202308344665,69.8949466191033,85
2.078336620136091,77.23159712685316,20.884449746895292,6.643750719406624,55.20243648690946,642.7529278316176,94.09423984184232,66.5593688918296,80
0.2642727930062751,97.15846385092817,21.236532917479725,5.770106164466575,95.77659826552417,753.4489546868425,100.10802847207938,84.90575575801914,60
4.541552155557187,51.271286659805426,17.63715862901922,7.317193651100992,45.320375081315554,734.7337506639416,121.16476874335422,54.1242435564462,75
1.1997160851291722,61.81931915262693,19.23794645629929,4.405665024082277,101.32956519329039,622.6996179261874,134.78373441855115,46.93856179211348,55
0.6558795029345285,39.306719700568564,19.491493591788053,6.7113131614884285,107.78771298567379,705.9320520323812,143.139156559497,72.36485911448409,80
3.9736611666867216,34.367922983202,18.41591070919886,7.769458381770132,85.00052178556669,759.0661732388678,126.6492549322072,88.65507186627445,65
3.245618353601677,113.89416234174182,12.5988440594979,5.864099766528736,49.71883360072211,611.6641954450957,61.77157979845699,51.57180643991737,55
1.0082305948328352,101.67981929827424,23.758890070235246,5.660750352395168,93.25466903507632,745.9372432920384,90.93854833774535,86.67412533998504,60
0.29800625093277505,59.540980357622004,23.685488911182013,4.192696572148625,88.08644034591507,741.464085296143,148.89479054694078,46.13314930312771,65
0.7184018612936329,116.69957174990118,24.546331550775285,6.5458208392985515,116.65212188830942,658.1550855105543,122.24337935220625,76.3299742367135,50
0.12168140378564996,71.80867075886994,18.453536439469982,6.876781716149837,45.011506380187114,684.4392002803695,118.73922437052605,88.26221933375732,90
2.9751812957545103,63.05285998642923,19.888340522135806,6.103508832556756,88.14185370699343,720.9045072959411,119.56438980265169,60.70183830623533,100
2.3824393895388503,84.16010481325318,13.530262436513603,6.604699662311075,85.00409447768064,758.8143106572439,76.34510619785672,74.53177548616398,100
4.523252368280574,33.77566567171525,21.940349512028604,4.557167340323933,91.9887773115339,629.8030595998233,58.94213616025833,79.35496892909431,50
1.060650337528303,85.15313376464451,21.429819512720684,6.612791906757452,31.356865660564033,767.9528114834902,119.93134664157265,72.78299720053786,90
4.522790267272241,106.94422565584094,12.718916854305906,5.631514247532726,112.50752542943312,761.8645549371015,149.39467298908994,42.38946561530094,45
3.3245399894115,99.4440534370815,10.959656971397731,6.2632275967618245,86.54467481446288,754.0092969203185,53.28209225725329,57.37387573993703,65
3.7107950403156433,79.56231965223165,22.993885031914775,4.54218831253161,50.168354630261646,724.8054862623476,93.97587525730121,88.20077486904196,50
4.033695177067354,83.63729004066772,19.01019231444688,4.7290645035176695,41.49579622994824,662.1095293658191,108.03795784468186,78.63661191486389,70
4.069582078670665,108.0874901546513,20.397317185522308,7.904155765043651,55.53069446544151,767.9745000418334,114.88922423434062,79.66146784332818,55
4.827069308277478,95.06325074106799,22.538926595432336,7.118061311298438,66.89267596543485,655.0231315583785,53.06735553607218,43.71921081192574,55
3.9071866882701984,100.72846754558608,24.764200177090814,7.281900511989154,62.19546845282737,637.0757630443213,59.22455790575354,88.51300548987031,35
3.09424275224772,84.97116110519482,17.317167831684436,6.387476214672599,42.23648253386973,733.4882405471586,73.32541284192237,86.49201641251673,75
2.344294329218386,72.17541232089584,20.65426048988497,5.50954099884464,70.2241238898353,734.9880027844042,118.10124446997867,58.70818644666049,90
0.2298283205415156,118.78408927369551,14.699254191006649,7.694015434399471,71.280364579702,799.4679268252216,99.36332982784562,46.71065393188958,80
1.0942401087406215,109.86330129324428,16.44976012516821,5.826283524055472,120.60333472817882,724.3744480777821,84.83346250538347,53.409407857454454,70
4.05463692460888,112.76310673958633,10.364209117216905,7.22950235799897,71.22178449334675,612.656598712154,80.32753619805364,48.296862964233576,55
4.514760329241579,87.7425553126591,17.841603594764276,6.653064690668151,45.18184311014367,724.3112956487281,137.20471457211974,43.206663066281955,75
0.7253241755515512,95.15859854030597,22.50489760252944,5.896964903147474,67.9184910875041,714.9899883271164,132.39786843124193,55.58160550011249,60
4.844475578389581,87.92187216056021,20.709025770102908,4.37700622205525,100.02232146916099,799.8428125015556,138.39619429736825,62.995759622858785,40
3.341530021137025,95.73228173378801,15.556370711088398,7.011180166826902,55.62637429179365,627.0757036567843,104.82849329368531,66.79528291246459,55
2.1474052541835245,46.87498516211735,11.994718982882368,4.840140053461429,48.622753840128304,619.0146994155203,68.18841424828541,72.66493739299355,75
3.0294525025227874,75.36655846221602,20.19102436110142,5.177309014314581,30.78797448359319,630.6049002174519,63.201950054756516,99.3516037755312,55
4.885796847234383,104.88733454733,16.573915363079543,7.831693162941805,63.125556891496075,788.4328215752059,140.4948329970457,84.5947820946102,45
2.3961778940185017,112.40473061366004,23.289992621005354,6.769206400601002,108.66465200956137,653.4407539257645,147.06788087374227,47.91544604333691,50
4.783688504690558,95.69321970227708,11.205703885549358,7.4143258978589515,38.4248706562416,610.1759061124103,66.91071092917335,44.3499149394391,55
1.2698349271766756,82.75712673004588,15.978490575388655,5.140662700706525,123.87505168874893,642.0897702614051,64.48932275486891,57.003827927487166,80
3.9753116837438203,44.78432184441821,10.1051676392924,6.5853618381504475,41.71691633916137,647.3312639109695,61.04263451471896,76.27009811906657,75
0.6861623568212825,44.46800460924193,20.13706785535861,7.433564085886083,112.56705547811293,794.4339164036961,63.1482034160388,89.15238254960374,70
3.6192502818056984,84.79176662747423,18.56654157161949,6.233873917339698,64.64001642564605,638.1846862028323,138.92702502131496,75.82252354382194,65
0.2916943555631335,55.40445351208518,15.875854815698588,5.413730444589608,80.57594891712856,600.1237654822132,80.28032954818717,57.72585927380439,90
0.2371849022302973,102.11512443412786,18.87568283307902,4.074939002928199,78.43186421846428,739.6485904290582,100.78996745376026,79.13247465764239,65
2.1733585049684807,116.92694194388002,21.28603869238981,6.615222311988219,114.98863648322366,731.0524098767397,79.01750834383407,45.97322382326042,60
2.803615590971907,30.324718878871966,12.68584732208261,4.988976293178967,89.754832394598,711.523234017602,92.3498178392194,42.582443597056354,85
4.62737702615173,63.9318756636281,21.919519755589207,7.084437638365488,105.63863702995663,630.9576493387112,95.81697705277918,64.97878710717434,55
0.6187651602501134,58.770279604831416,12.08051004182984,7.216482613268489,45.38137507033446,782.9347519601557,79.56402965503798,94.7809596942637,90
0.32933765498199796,99.98566216729003,23.33705931290858,6.974889268837166,93.04280906406917,646.4346972960361,55.59802495295296,92.88555991478407,50
3.279442102681072,54.36610948296287,18.24905019186132,6.144531319054687,122.17281490518045,693.6184955222188,100.6834548860206,50.94884552644126,75
2.1829536789562822,62.195795900159716,11.201355942601971,5.177519921514403,37.67089709579852,652.6525924407168,146.8517431934826,51.9873620175801,90
0.551883279081821,32.87353443118676,19.45407576898966,6.875909375347467,47.27542938181409,798.6212088019352,73.62087872869428,89.14027510911427,90
3.22182327818229,69.55085376295426,12.013551090755652,7.508624383862945,71.75278116804247,629.7244359681371,94.01055116806201,72.33091517503856,75
1.2267691658101703,77.96648174035175,20.554279071539774,6.295005862200477,42.856414080365894,742.0447094605358,78.06215115794281,91.38641844432127,80
2.907066202464851,42.09892979072866,17.13028275342977,5.44383127861108,53.495584789037835,753.3219511866846,108.18929072380575,75.3753236102697,100
4.144325812986174,80.87994148935863,15.570987433028069,6.828658086770536,67.87481062352171,603.46916003354,93.54607283078998,52.25000839119792,75
0.2897216322946382,51.48022648745476,10.05302155347091,7.116009654477212,47.48391427208401,651.4817278418594,91.39829974726682,49.46853182104341,100
0.14575482323481542,54.18978802139511,14.10281183201853,7.140041271405433,90.23532845159565,701.6592624865847,64.53316292742328,87.57995267139309,90
2.763714942442958,77.19062653546578,19.87116930804179,5.485112352490942,95.08273372931322,753.3463050421377,112.64939256321048,48.057566886389395,100
0.360819150421259,61.119031199922894,11.578723429808182,5.640883231705847,94.28540566607771,719.126544560858,86.41292851124118,42.12378565658954,100
4.836796968552216,58.398188211623136,24.49318994916848,7.259403143553282,57.15542629039095,788.2661703863308,64.20739903733563,40.73262555296867,75
3.8863183721974623,101.95719654399416,22.002645769504696,6.212171004638627,109.05966227104221,630.4013826623292,86.0258229066733,67.25821845134675,35
0.2839017877469171,109.60551040989101,16.324150513353544,5.717976408423383,122.23593837533896,765.084430853582,127.49209780857345,78.67137078219284,60
0.3712786817382555,99.03832869011524,20.370171259021145,7.192110460932469,128.18993786184976,778.334043765502,145.34979373135081,45.90400209027517,50
4.637067250069442,74.56914977815208,19.423399538927818,6.172023667073212,54.116303101095504,722.8451140732667,131.051883984124,47.68140367285535,75
1.6326193550177823,64.28325144800415,20.161367278438455,5.961568083196826,129.71931451914998,601.4557396230852,109.47956030142818,44.09366335513484,70
4.069488227037112,92.50081328533074,22.210234289887907,7.3370586037722525,55.592351855741136,758.8923287288887,50.57925113969274,70.60204994006378,55
4.586724497941627,102.29234152867686,15.617884456776451,6.382946839805907,82.53826273056148,621.491695336272,126.68762639324707,43.27990386890791,45
4.144675312779046,81.77978758102523,16.238491675491062,6.681604556100603,31.022427299635996,786.6659878723275,115.89825874103545,97.64784248142072,75
4.733401124207273,98.62973502746976,18.002075859368766,4.922143784963202,125.30890610119842,603.0346602921733,66.30135039326977,42.52341873130097,30
1.1791194845552448,70.98068553351429,22.260952692100297,5.519250269817314,31.375410672179655,649.9140580940424,102.20079964944549,68.77355441786366,80
3.711436734313251,48.39476621483793,20.826491951261445,6.6101054945846744,68.19749147973505,731.9271727727087,128.5195955984048,84.47281719865283,55
4.225785011734109,70.26223375774481,11.057184265946908,4.554834821229283,96.67570729340773,659.5116050342804,145.17185232816735,49.88834722375909,60
2.534297747487068,53.73186077252681,24.35837311625909,5.821662987118819,107.21142730094817,691.6256937721658,120.04972613910566,54.45853278529522,70
0.3717242122653175,64.80008749468871,15.158157094052857,5.053504519820137,100.19470378493533,759.9606733335543,102.56546060560282,68.64399512212664,90
0.11675924128747694,62.87815635265842,10.98560639113888,4.135332776391635,65.89909435406149,738.1971460479338,127.46465092636406,61.770353724025576,75
2.862913959942026,63.59475099078155,18.464134447895752,4.987576800637128,107.45038263202066,628.7991522436498,55.639296801270596,83.97453878637533,55
3.9221118566651554,73.2068941426221,17.174204047735252,7.810571436286764,73.59112077926272,789.48674223259,126.21184505333392,83.71557586365775,65
1.337357540031594,110.89513535795642,11.989197141090859,5.485016058615392,104.54152485455606,655.9054962071161,76.16420717975747,81.37503692597099,60
4.984562340019091,103.22711605511118,23.408750113596728,6.818408709345038,84.33704227711496,674.5050088635722,89.5762878350464,47.11232226095496,55
0.7223600807697951,103.43829331244149,17.854044705238536,6.67108360221097,111.52221898047927,721.0664103967962,121.00949786116234,62.2476850101023,60
0.5809129461625249,117.14894808458548,22.057045238295597,7.871643265990027,44.5103974365823,607.0213268257276,83.48086660640678,49.87504657412782,60
4.654573316397371,105.53864719781008,17.745130909234895,6.80739728814436,117.84469708258574,621.6317019983659,112.13577034912993,83.45100877150071,35
3.4883216464976994,69.24601568741107,23.2210141908251,6.027551363221728,103.3943942904739,726.2741525241106,99.79033140773909,50.42203767876087,65
1.102715026422242,46.99942312451844,13.89061491017931,4.972551369102964,122.86982389306291,744.1239396085659,107.12227241429356,96.15319726962471,65
0.8516571953076145,59.9332605056283,19.015190775777768,4.829143450468827,67.39900445001244,710.9115491203895,117.91290625812115,53.734254488909066,85
3.218731098472082,112.15107632749789,18.57916378561393,7.424285540311203,111.26284906110374,719.6534635051953,97.14552695161805,89.16658800758793,45
2.3359102641169653,98.516157101536,10.695306850371363,7.83567035083936,59.31116828892337,630.2041708305935,83.61390949507793,51.2865135395942,70
3.1790541316500462,38.62378202137951,21.511534469835244,6.285039038838789,115.78119180174234,633.4862960936373,107.35033539561763,71.26529264292616,55
1.7338246738326228,48.454152127634764,21.199005019643543,6.4502669569508075,83.07435348899266,648.1282242804084,118.7493801391711,86.0049694234305,70
4.528678738828216,86.15366977868572,19.442378039890755,7.800021903235729,33.24474511141425,639.3656647963137,127.58877968378678,94.53804432468479,55
4.079903731972632,108.46168961523138,15.338566779180077,7.9956273169699585,44.325796561714995,606.7872163029608,117.20986387251298,74.28931596580189,55
2.7562049614312825,30.39639703138115,20.009361340147713,7.965528136252891,34.14630897448701,728.0294103303297,118.67951121392585,79.26296855953608,90
1.1680395750721,30.87030946201474,23.162281865538688,4.51936485106226,87.17301876157111,685.637553771643,144.39982683554265,43.53073025568259,65
2.665520475100283,83.52979379044157,19.351323651574724,6.2670053339591,84.33421270491655,615.4767590101078,148.8128935070239,53.31236619741358,80
0.5155774648421916,118.72684051823248,24.686522877176863,4.079222312866483,38.62187672807483,773.0097749026093,76.47683892571112,68.02207908225444,55
4.1022022670942375,51.88888410818529,13.948457252750423,7.604263419424427,86.48434926755749,780.4721322692408,93.20247247337865,88.18768858423923,75
0.7857300955483153,118.85631100730659,23.63393206941955,7.522806477609757,76.91888188257677,686.222889024588,99.10874188540241,63.31007901630878,70
2.5048110175627247,105.46537253768109,23.288811185628177,5.791489975717333,116.48706078975401,787.5702765159239,52.44860444350886,48.06281062473046,60
0.9665822222988254,77.46382946884466,22.39037231334111,6.7623991129031005,109.67452631055461,646.133642182607,50.059653674244686,80.54062282554224,60
2.348298068998438,119.50467641130207,11.866947310827275,4.522750924596519,70.43772835130576,796.9821130453946,60.91341633038125,57.99598384506487,65
0.9256235464373808,107.23875192191373,11.435141642023204,7.047347004464012,124.99350059633672,697.2405115082988,69.28835092859072,81.27315760306668,60
2.6828374033227833,72.03977810568668,17.509097736050588,6.076815318759753,46.6929580941284,658.4301121322256,59.073356605431385,45.52264455889632,100
0.19436450567351857,46.98215720533396,16.862804116234635,5.0687148795196215,52.040737419505184,682.1165038127385,145.1205443106404,68.60066111575121,90
4.5253550536008795,77.37081413541014,13.368268883938393,4.327795031190409,77.96888985776351,617.4148999224683,98.60373618512361,68.36491243089775,60
4.662303236905107,108.57146619719363,20.82773714854129,6.4303233974907545,115.44180128736623,640.4439493859301,89.95053109732012,74.59776074391908,35
2.925476907972581,43.72131961362855,10.140232067733397,6.572122166343123,50.98800415070462,620.3632951409246,133.75796438100582,49.87004748747065,80
1.6906655255881262,75.04745627282854,16.762240105804867,7.172735362223943,116.27302888707919,756.8616469393884,52.071826181719274,77.88377399727771,90
1.1569849486702286,41.55474969361375,11.51221863380545,5.782369309299086,62.46204512512028,747.126813205996,107.92985942982091,64.77759229774328,100
4.48696927462052,88.90503905519967,19.562306630256742,4.489331778889575,122.76216220938844,682.6545883441404,57.30868436529971,65.52178908716792,60
0.9430078444253985,69.06856548968926,22.754080781738345,4.831742669007333,77.83661164307074,769.5867291541912,85.05822453003185,54.418535037598105,75
1.0632154805984544,100.30533814574592,18.41411414423789,7.67834439299218,66.56011069545457,605.1781532403849,116.00610138852299,41.446228457978584,70
2.9164321549609693,77.84305113800075,15.69073844175756,6.379481743006314,128.98990618778095,757.9854593788036,83.66841293455504,69.29149774567459,90
2.9333420159607857,74.25678450870348,14.52000923170198,5.607348149710557,72.11100408889297,791.5135529224501,99.31786429899495,64.04484929460625,100
0.5604244570809268,108.88036185300595,23.412942951793067,6.108137722775961,111.87887817447734,619.6636976225358,136.10086647461313,70.04964756450258,40
2.3790613374500507,86.18431687953439,14.088454424220132,7.925456008832858,56.11604320105568,625.5324853195829,81.86930080078359,85.1425519616541,80
4.737042465879437,113.32997115365256,12.25401254425691,5.805427434122734,44.66872051103123,615.8001983765641,109.28210273567011,73.12194279892199,55
1.4581460078640365,116.60788639833277,13.898693415646948,7.616688191705484,81.76297348622418,641.6427710490823,70.46710848441852,83.43849035723792,60
4.018049402576354,74.23904121702363,21.599799065446224,5.5164458407824375,92.41625204548065,685.1138266687957,83.09969921135018,79.0029583200568,75
3.2669833442971195,102.31072432690155,20.404394381963552,7.530998415161392,98.38325722817113,639.0833761718196,88.13534719544592,78.86616939339063,45
1.0325067162197377,116.15518042574237,20.14049507008836,5.898354674808541,106.56290720222651,634.1889446354904,68.57364953433587,83.69002511150343,40
2.5716006320514366,115.69621557573046,10.658154841648347,7.5293407501122305,129.02631487741712,632.116161688336,132.4787069673751,86.88010021481102,40
1.0071065122959624,35.128238145728886,20.721219689967107,7.057003098337925,75.27790366394689,716.1740165771579,127.53992266002224,88.85635348455776,70
3.464593735261603,59.05326201421062,21.41975525258226,7.020519241164344,109.48721564073098,762.6641429725321,80.72639651758729,86.03900081082344,55
3.7596153602423996,61.20757279386804,14.563689294945862,6.978078853046516,116.06288639777176,799.3562139621419,104.15147988185511,96.25753295168349,65
2.1387427769950063,43.91236388453229,17.51536602262921,6.095322460860105,85.31470460490686,619.1423046018883,51.83048082812716,93.48543553531061,80
3.8757241471314083,37.165140407612675,15.121702010866661,6.924582808923004,57.02671029892646,604.3550786592835,67.08790339416431,80.1314228468584,65
3.9561238341658047,88.20099241822531,19.078437579043275,6.97529673172594,107.93022066633092,714.591691458524,144.72337999294956,87.99831767296811,55
2.4425395988310767,78.98658594225972,20.32053351794933,5.605105038212083,126.25614581327285,682.695028402041,127.49178759799683,48.89975484958407,70
2.5695529016103382,92.68078183466527,23.079306100607617,6.820459329935094,47.28023493791068,758.9872662063583,121.10654552713214,77.07483480093833,60
3.41385741203651,55.75892569440281,22.366806448531705,7.550411257743658,43.91183020494584,713.6028783565467,146.7833687444124,70.07930232618642,65
0.40133829385879594,73.3069268213737,14.577656654347969,4.2614811283624565,101.43984334291545,699.1178604190522,69.75652497529406,58.20864790588788,75
4.941150828686255,80.26377700870833,16.78424144585948,5.351388013679896,94.8006561672426,687.1881994961901,135.60572598161474,76.86974142770771,75
4.956168663982629,100.72015779884896,21.348124987161384,5.085752515815168,102.83785672457412,644.7492275207283,66.96272059868403,66.58572918337583,35
3.089150796191834,63.83942531265919,23.598793862991887,5.648701671507803,48.41954110913656,658.7573209958764,103.1032037587199,63.54321642506105,75
3.4299039385245242,55.91305198953811,21.26222390218895,6.139797852899717,62.453018932982914,631.2553046863464,74.69328924856568,96.69161069561537,55
0.8978172690496127,37.49499760813991,16.581218000375177,6.658359257878084,98.85961209917694,725.5725879940602,106.1677696874934,94.11919675947864,90
2.7143560645853695,31.016880687541956,12.724338946229508,5.497841205661524,124.35784191091997,724.7219354816291,98.01564655648804,93.89185079890873,80
3.5390348436739814,64.96313786620757,16.038114061607548,6.943855944347559,45.43106518843257,732.3914657321211,73.21855453621478,75.06777672544212,85
4.204234691297966,93.8571241639251,11.562394287049603,5.272539101279958,112.1683363611927,653.5573180830494,114.4792984855578,86.437699326542,45
0.4851105255272071,98.67475551529398,23.690609249874502,7.048172708846087,116.06616656633342,674.1054590393458,68.37713942124964,64.44353274415133,60
2.6257081904637554,46.86644195694251,13.254144577163203,4.760207259454695,46.17067566917011,619.7282026515934,132.38829718217457,71.88089511553639,65
4.673201077471499,51.038161935745606,13.548962537425638,4.263059952448165,86.36548658955981,787.8929698061534,65.16417028721055,68.04512129134531,70
1.1250164454626068,108.57409692350714,24.688697132517643,5.947549163619395,92.33132160663862,617.1426197097122,133.76696797899385,60.33289036723483,50
1.3025477603126554,117.59449146698128,14.052571761058243,6.229465951835584,61.54177993220742,760.6693023660381,131.5671978192202,76.89659506075053,70
4.017471606743422,74.90968881805935,10.225951160833032,5.908439601042483,34.49448371868739,644.0855386367593,79.76595468203027,76.43298589189638,75
4.217469773719981,45.85046056030829,21.40375690618589,7.46513131240785,92.10364014848247,744.9415237986972,92.20240616140036,54.86198010677477,75
2.28226917642852,94.99496357816636,16.233190643170772,6.683976382637043,108.7120910315272,678.4520157350978,71.46530633932409,61.716414341629545,70
2.522289131495089,58.77487555806549,23.559319309365033,6.395215382569921,46.27723572552428,796.9287145750968,110.12786674627957,70.09642333046487,90
4.332633992753012,110.2529421619574,16.96158888280739,7.394718051955667,74.43018289796021,737.9536184679225,148.94951954900606,83.44996070417353,45
1.3916639695307178,59.923449820313934,23.30890422683243,4.326781123453192,99.96738662615766,726.201100909208,58.4968202232012,44.965916257743444,75
3.7388016836894193,104.7623902577867,16.496858209588666,4.973314460446979,41.37407627011835,794.2737726759062,58.175616945396136,53.28491253997867,50
1.9237008608373183,71.12789136450334,11.829439811597991,4.139521836752873,64.04702245759306,624.4644715675425,116.47715219006322,93.92232127448136,65
3.8085732805116583,82.4217955621535,19.11567907421569,7.147057516778713,42.45474591330999,676.3634739919271,72.61687993960078,52.66072693764204,85
1.8990873519907834,115.00866625745711,17.100631809332477,4.522417476571763,60.08028750476029,658.462844445877,62.27002096785738,41.60481015945741,65
3.7763364925963665,65.66709604820096,14.205984800724362,7.933265698295246,31.883537173375828,690.3213625950684,74.14205341809458,98.38507558986839,75
2.8556990002009695,52.188767721389524,13.497867658149445,7.560779850854497,109.98669575511325,644.5163500824929,101.98678655913567,57.41240216431636,80
1.1747837562130679,68.06252073251032,11.463748201783428,6.626586304815933,90.88742723237242,632.0429544729684,138.65208740822405,49.89994485201575,80
2.146313652587816,108.24823556317241,16.240044441600592,7.569691193718493,34.611817028896716,767.3111943735485,84.01741312107336,51.07772770588753,80
0.20550295847946545,98.23825515355848,15.662255537282366,4.309333769228978,65.66924551255784,738.4048100830644,106.7659675387895,68.08126561161394,65
3.055789490219467,52.16787294831119,11.740985466883572,5.782146510367693,58.920215595229216,665.3691441417666,70.96526851932353,67.82653581670746,85
1.3957080022211221,101.95743532221424,17.965800548677606,5.236733285256827,89.10769218178835,781.6772092743155,100.57147258880009,45.015039185108435,80
0.4354133671951066,54.16172198841406,24.789026816965066,5.546660709841538,57.8585046609354,708.0253333938158,99.78960443152158,58.31678787542866,90
4.768650846213587,105.37725067177821,21.26050916375602,5.689569266388128,54.16822792980419,759.1998747309527,105.37648817226365,92.55943442852764,45
2.044474016477586,94.31846079593663,10.556944792356076,6.886748889388292,98.22165744216515,673.3688894768962,87.64247312068417,62.88314842525946,80
2.7207681600595426,98.05926300144901,21.947752863208272,7.005526794449125,81.80004384482592,652.6578477896534,132.0042258822342,53.98233206027801,60
3.571302312771159,57.371228257570706,18.74921033022813,7.226228225996428,98.20543379303794,757.075297612775,68.01425036799675,66.7897220401983,85
1.7594980181877624,79.47974711405459,22.09456801932602,6.141305410502341,121.13944764630581,704.6115274174974,122.55159735602929,78.4818941709861,70
2.8879014096999933,116.83805260387496,21.27569632895674,5.38925319671371,101.7415025732819,651.5848414754618,100.85167880535381,81.64070429563054,50
1.6161619097702948,96.49144646469435,10.124726347621035,5.31518620931233,122.83226597866951,748.0921058910723,128.44385714791736,50.132740553462824,60
3.0868948244101437,62.942616686187066,10.700949343247157,4.552968753982501,61.02152728609134,722.1126032590979,53.034488557552784,45.40751386653963,70
1.2706777570548387,78.32944048339766,21.48665742250305,6.663223464307142,88.75358631205034,681.248809748706,110.32637810127183,91.31029250634971,80
4.22047902537282,80.02718901199734,15.84710810050653,5.38408890467461,85.88360497798777,739.4262052067314,98.73993428042985,98.62985893363414,75
4.661147536376443,84.72385250389428,19.03933892090909,7.008328136540665,114.36369301842842,673.7321295763553,87.72309646627707,59.5477131771826,75
4.690906692005848,47.22873372687949,12.500630558440797,6.268975199880671,110.43094574565013,692.8410664681776,140.69060424658466,66.98051946577911,65
1.0472605402052793,110.28355380280581,10.641047949050968,5.664996909035139,73.5172938189806,739.5882393689515,116.36504138022794,93.32200847277701,70
3.575197361664794,61.53104305830662,11.093526260244863,6.5591354566765165,129.04530720783958,744.097490676918,54.08612696373607,83.04341303188927,65
4.9520647759627145,52.76413725154762,13.047555711031798,6.128918532030603,106.53338260763218,730.6807845249471,96.7132547576668,55.25934945534626,75
2.0645989460141707,74.78562708654707,14.328796415551716,5.045337906367271,31.136950112626323,694.1944932192484,73.75474196467694,64.1100673859778,100
1.4274015090957055,98.39486241347754,13.509702600737338,4.411558546760759,41.216868073602605,721.8598512227147,103.79027328154476,98.96564175770946,55
0.38166599590281225,33.06697796888515,14.364137287927576,5.942285256431914,72.95544667827616,632.1761450775992,109.30932433756485,63.12796911580901,90
2.9411238034585896,89.01145099927172,21.606776300974794,7.658597968030599,113.68901462603287,611.8886642827737,110.20355514176077,44.621858857482934,70
1.0865906208019087,67.46699950066106,23.42184003279497,6.479042778175348,39.894553536495394,682.9231364363322,94.33491370393617,41.658354018271886,90
3.713813510820441,35.88772906339366,19.395220623848765,6.653363076594992,84.6885755272892,630.3881854689761,60.99002908837381,96.49990797545473,65
2.1361606870688945,41.95890135277779,16.595671901266027,5.449892168415319,127.88728444705245,621.8097369843064,55.21361257263965,51.48675172788142,80
4.6542075425888,57.19177762405862,12.547915563727443,5.437634347098655,53.682651146553766,653.4903612732019,59.14294193142791,54.52448752294747,85
4.885121129302224,100.64907570804881,10.669386789975265,6.927659547629768,112.30321285064889,667.4279923668105,129.53650325833482,77.74366813735192,45
0.3764989556835515,81.49472447123529,15.870653437494859,5.841189156027782,93.21030722997972,693.2095610364173,70.5600612144171,93.16583618376526,90
2.743713838815963,63.32481984612862,24.846043965394127,4.14806965859993,122.17531725466742,718.6202148687948,123.17745925293741,69.05912507529223,55
2.827023487078455,65.49242739030716,10.043481852172752,6.897737124091676,128.1529980414637,722.437786278218,114.27318346606991,41.962353871459804,90
3.301898432707741,104.76787842044683,10.499579272721537,6.777076888767635,82.851272529363,724.5345080680413,78.88822446744092,61.557466852847085,65
3.8526071840230203,109.07193270708437,15.812217087514782,4.505594026561441,81.81175879906117,697.2049983748677,50.1500786584629,44.88989172103187,50
4.3127168327663075,74.1440522452269,23.841452920148292,6.628490165948094,86.30755524413941,644.0669351623209,145.95164938740925,47.35607494237306,55
1.0382442230999547,46.661898672656775,24.993388538497577,4.961054349758483,49.15861995580968,740.9957681621652,84.525165455425,46.92258140270022,75
1.0572825852524086,40.16638020094031,18.162669237316607,6.689577597706222,98.96125395691931,784.9487378408542,89.38382517347004,89.74448360907877,90
3.4772794642020908,98.24832951495688,12.196708895594053,4.06935603180066,103.20202784192314,625.7427251246841,67.59705099907353,58.383991574530384,30
3.749597979303983,58.576049119876764,11.626670018084912,7.895442824190386,126.08046039756968,671.6071145496165,69.23921957169071,94.5068554433645,65
2.5497548451496574,77.44378523982466,12.356289868282648,4.262206899915082,94.7395903938211,722.9930132547504,118.54120242232234,99.00587227418049,75
0.4943332099733382,104.47139146321285,21.622392234176324,4.831845021104419,58.12089765215788,678.6964867110637,131.96637851831167,54.08956098164417,45
3.9467589216896077,118.32613358631161,13.058556098855592,4.597364158840669,125.0760160697433,689.2135288231457,94.88883984599275,96.66733955771167,30
0.4778083898034513,108.60423318406463,13.374013036154281,4.526572362744801,72.26014275587642,723.3201993107658,140.89408742041826,91.90637525747809,45
4.243462184825828,36.48102539845648,24.317949845528062,6.283481614684444,114.8017303013869,613.2019029497458,80.17561502297251,79.98382158650398,55
4.83343966799507,94.69844186248321,13.385036365546487,4.394098996206708,96.30235083241661,742.2824073692288,146.65201690210108,40.54114399736634,40
2.154229032392464,71.17687424729941,18.570318420760067,4.136121871059714,78.06709778008421,687.512812921099,88.98617371139102,44.18369472903582,85
4.339042836763076,33.770694136265185,21.149505604308853,7.828080571256864,80.5555370290079,638.3074931697136,135.0325702675574,85.1326035425155,45
2.35755132483842,60.07430126758952,16.42544526672683,7.426230015770894,41.353577646187134,741.4946991613876,55.26342419140361,54.35403344520718,100
4.214527469380822,96.8533221429916,24.069591551915128,7.778006738412126,78.7312576520647,620.3040470132929,51.60767749971785,97.1541661743349,35
0.26173689608493345,60.092431235488284,22.856102691650882,6.001958477663367,90.68783992146217,632.0313624614203,136.91028650528818,63.076046839653024,70
1.0104941607698112,115.86176863701291,10.688943935069535,7.803113391909587,70.66983229803041,779.6106373850841,105.80385200750433,68.42343747565822,80
3.224926894235865,61.52277597141332,10.52226906032673,7.585502764445013,46.595373436231455,782.462627862442,118.27646277162889,49.10428585505264,85
1.3509560047960993,53.31676834328378,20.310128140167652,4.978214827976105,91.66643136167755,799.5116034055247,137.76673514208488,41.243125021868124,65
1.0051593969876484,77.87496454488445,12.50499830157576,6.4181832654690165,127.37597561221844,750.2874848086042,127.80005972666693,70.0440155720108,80
2.7823164600360237,111.51775612271145,16.38343065072585,5.220877343909128,71.44957424078883,782.6379484322962,79.59534557222696,87.86637697251024,70
2.404381819351338,30.455715599278058,16.417015818535187,4.921724413047988,105.47745374041484,604.9623561841307,102.54053236696848,93.2644900580454,55
3.3541414440425066,113.86309372752754,16.01721755966196,7.447291558913152,53.235153146036225,646.3155537248746,73.25748806842948,72.93556422316087,55
2.896951144249637,76.44673913027117,21.473632828151388,4.934325130592935,89.32276917203203,607.8389629283366,100.10992064135004,61.59936756080589,65
3.2910019916138684,109.2775852594674,16.922431465929872,7.627762312983654,99.99228189399726,647.8568310050632,73.76536311639613,95.23080373843655,45
4.1922668932900695,88.74968909592448,21.05107734496722,7.0054417463505345,125.28742056064196,751.2343161766751,113.57214992109522,84.95361538216281,55
2.30611157363784,34.101969530659765,13.764439026947336,5.4927093484403615,87.1396414920008,785.0823737957572,142.0902187102309,47.70884490485656,90
0.42767188228212527,85.82614851782728,22.404479954947334,4.6619341719747815,62.93626320805396,656.8647212460842,107.44769865156235,60.5828199291727,75
3.2339990090998576,93.61671792055691,20.0885569997392,4.732485650188366,42.70987246195533,793.4986023167771,89.81094346514533,98.76836770287645,30
0.8354125322373005,95.5137821338177,23.355953928849964,6.241378205325731,36.43188351759433,621.9099929564858,113.76889559620585,70.24667269884192,60
1.414865189410711,65.98306555506235,20.59135689298854,7.110552812673289,50.14282669371514,676.3702190263735,59.42557515434106,69.0792159832817,90
3.0953445873590533,70.43303339769491,17.547649619999365,6.44651193517136,100.16439786369052,731.033856848085,92.19461342166711,49.3188236260939,75
2.574058402820597,81.8625187552486,22.888125143937714,6.231516577684805,35.23187428956609,621.5384781165526,71.49461292690614,94.46132656107963,70
1.0135132591251053,109.15188034433223,21.649235043990267,6.6619723979563386,60.61993810841006,743.2962764335815,96.35569463869666,51.90739912812512,70
0.13924285117538937,37.86265818510587,19.25122897094961,4.426375859001736,87.88469235883734,781.6200644114058,81.91882931649076,63.43299170704982,85
3.3954903320482845,45.37248028210667,19.198709448470716,6.810447734645048,43.32780006201038,719.8582795537743,75.03861253879049,70.56788719418508,85
0.568241049811343,76.22146516872336,15.538526768974975,5.569820946308272,91.43877329915541,788.6662956839883,60.0442233470564,57.74766847055574,100
4.137926808117187,104.5983456087943,16.149245126651195,4.771528872005119,93.08540097715982,799.3075202504259,134.6997862570929,43.252668120385394,40
2.834310012396619,71.16517695957569,12.868961112405861,7.068294691814518,42.674546453789944,706.829384384283,88.53513053141046,68.82018969969018,100
1.1355161609318463,99.87347443094738,12.494668603333388,6.555146971836981,51.966994473958124,781.0053685444257,91.41472091412919,97.12179933724885,70
4.698086638692914,40.927291124977145,15.093718843367629,6.371052841738566,44.979371022458224,617.206041407073,55.59958967845293,65.27422803696204,75
4.671019596572041,61.59877536716294,11.084824799885407,7.374477338093812,53.24342072835207,776.6708452842707,113.41929790092159,46.49614288030905,85
2.3919414426370773,104.44592058043295,22.862595098449546,5.114567118578937,63.373196873815495,743.103213838318,81.63193395864243,51.45051362583754,70
0.8490392542772454,43.31278322922392,19.553226340045946,5.964897480624541,69.30120997448488,709.5281078056678,52.03271739217459,64.96510875556186,100
1.9985835174749105,80.42708100669967,13.68535243655008,7.98712162524237,90.0648880481669,675.3338942850031,108.54725230195517,94.9377428603803,90
2.9845563927608545,50.21086995765002,19.70856853327106,7.769382104175598,65.55912339182258,767.8488453325444,95.01506608500044,58.551788840627914,100
4.246275570303937,80.75752650800378,11.94728385782134,7.600540748017922,54.42859812129532,671.6470483662819,112.06161235556613,45.63305515454551,85
4.940221231421835,114.1241165256932,16.411250605601555,4.804318169792417,117.87625980982708,618.5457587069342,145.3681751908473,72.90857955934038,20
2.9386878514045067,79.84875022513734,11.123142722193021,6.632938571975448,58.64928593956778,697.1751460681826,99.29425963460139,62.35851536302226,100
0.11034263418672062,95.39373659350099,11.061046710835189,7.583200754477924,118.57912467632056,780.7383439691635,136.57030524793447,41.09896914469575,60
4.6725390701278995,112.68228890255956,10.373100572475344,7.104651134446128,42.77340957546821,740.2880473316405,67.38813130536502,57.81497817095173,65
2.4840600187922637,82.30129091653201,16.806271365309915,4.049378776453498,109.42157451474353,617.4435676437143,88.16047168396153,56.863769440318734,65
1.8873470653939457,111.13633878904884,22.660258873554113,6.205925266164666,91.26673979020492,759.4373789150618,131.9662122562769,63.47295755868703,60
0.857685876254041,72.38107151476358,18.674253349947058,5.985604852021476,121.20013421933761,666.9629344453396,83.64004488472744,78.22846330015548,90
4.650390293799619,113.23715302289004,11.293922550380096,4.1507902333443285,125.86433633658048,793.8810274539264,51.508559039509294,68.78283464074416,40
0.41640115397338207,60.617529649695,13.0078273727061,6.751791579975693,39.28813482201261,694.1697409954422,63.478444631929676,48.25964918683458,100
2.380494210416244,77.26415527403604,12.482285356851117,4.531526786026033,117.41693007282917,726.6675588067503,144.71234525874,92.0477933519775,55
0.17062473871393452,101.84455738159546,23.38580041043086,4.826349145349701,121.36057518172622,798.0350275398168,75.27531247419833,51.42112543336037,45
0.4912215969448286,104.13457597228278,14.528566770985984,4.685018386714207,54.714778805561664,705.4117911951062,128.24097083137835,48.518225635571,55
3.50343337216698,36.6190217263659,14.144484393892359,4.93546172506033,47.30692448333224,642.8226119271234,71.13406834398918,96.17258356032727,50
2.7298094385957214,65.27066291598095,17.22549938072486,7.8044422911367075,59.9715016552772,720.4710958802409,148.95541020849336,97.94731554647056,80
0.28537371426720237,47.63039217031387,16.357730379431075,7.099179501617479,99.01467475206414,732.9230074261202,146.45301956352222,98.49793911044716,80
3.509978557857318,62.58926180595751,11.479584489649227,7.066722749948934,118.27445096745922,782.8346033933633,126.22947222070799,82.86083355703602,55
1.666355727891148,96.69076442863775,24.570564046381335,7.743014423426482,50.54990335480329,721.5793259409284,117.21610930395636,51.100184680042524,70
2.6281616013976827,53.90914970688213,18.538107005695856,4.768648499226099,30.827308981095175,629.3723450149403,128.37050767201612,89.45887227618708,55
4.9038999646976205,95.94804235291242,11.982923812115395,7.659345843358396,101.0016801617254,750.3842338179248,131.15841864822073,93.75318527620868,35
4.726184612383117,74.96432932801166,22.96877522592637,4.748237537555577,95.04535442396677,737.0128779355243,130.62385748529945,76.87681005283085,50
4.226736433670392,55.577617379682664,24.552679627984404,6.0769115831897125,128.4304394588557,736.9313866669419,115.55832326108181,72.61030129959077,65
4.6592930137975745,52.32407283924993,20.701417039076848,4.907164568182633,67.31713919666788,780.1333204885417,130.62202563941105,70.83553795630812,50
0.6773001551558402,90.48545691454848,13.35373127973341,7.065661487938501,103.65130198719618,730.1422926344735,143.9870885936133,74.15136905010907,60
2.5602834684360998,106.3268269445802,11.194938328064186,5.176733015089231,125.11883902443748,751.6136684978035,119.84607720464095,82.22083059374222,60
0.30817521441400486,38.38093445926376,16.308784047323417,5.180684930562128,105.52433819932637,725.3236411898811,76.13323395522889,55.845687460307026,90
0.8548000918976147,60.14731110632357,19.117637020394557,5.075105594616289,47.66514928690256,683.5451851812683,83.77066081437995,52.4316357254738,100
2.4624186652378666,100.37945779570278,16.70104822482276,4.0137020711122116,98.78942778177975,768.8880285043637,118.45464754810226,94.92260511672274,55
